Publication_Number,Publication_Year,Applicants,IPCR_Classifications,Cat_Applicants
US 2015/0068116 A1,2015,BULLIS JAMES K,A01G17/04;;B62D49/00,Inventors as applicant
WO 2016/187002 A1,2016,MAKO SURGICAL CORP,A61B34/10;;A61B34/30;;A61B34/35;;B25J9/16,FIRMS
AU 2016/263106 A1,2017,MAKO SURGICAL CORP,A61B34/10;;A61B34/30;;A61B34/35;;B25J9/16,FIRMS
US 2019/0069535 A1,2019,HAUCK JR JOHN WILLIAM,A01M29/10;;A01M29/16;;A01M31/00;;B25J5/00;;B25J9/16;;B25J11/00;;B25J19/02,Inventors as applicant
CN 106663192 A,2017,UNIV CARNEGIE MELLON,G06K9/00,FIRMS
US 2010/0319811 A1,2010,WATERMAN BRECK,B27H5/00,Inventors as applicant
CN 104992448 A,2015,UNIV TIANJING TECH & EDUCATION,G06T7/00,FIRMS
AU 2016/277672 A1,2018,CANON KK,G06T7/00,FIRMS
US 2019/0313571 A1,2019,LAND MAVERICK LLC,A01B79/00;;G01N1/08;;G01N33/24,FIRMS
WO 2009/062245 A1,2009,SOUTHERN CROSS COOPERAGE PTY L;;WATERMAN BRECK,B27H5/00,FIRMS
US 2009/0126830 A1,2009,WATERMAN BRECK,B27H5/00,Inventors as applicant
AU 2007/234546 A1,2009,DIVERSE BARREL SOLUTIONS PTY LTD,B27H5/08;;B27H5/00,FIRMS
WO 2017/145173 A1,2017,SIGTUPLE TECH PRIVATE LTD,G06K9/00;;G06F19/00,FIRMS
WO 2005/036950 A1,2005,RAMOS ARNAEZ IGNACIO,A01G3/08;;A01G17/02,Inventors as applicant
EP 2404492 A2,2012,GUERRIERI GONZAGA EDOARDO;;GUERRIERI GONZAGA ALIANA,A01B39/16;;A01B39/08,FIRMS
US 2010/0122614 A1,2010,WATERMAN BRECK,B26D5/02;;B23P6/00;;B26D3/00,Inventors as applicant
WO 2009/062244 A1,2009,SOUTHERN CROSS COOPERAGE PTY L;;WATERMAN BRECK,B27H5/00,FIRMS
WO 2020/018802 A1,2020,GROW SOLUTIONS TECH LLC,A01G7/04;;A01G9/24;;A01G9/26,FIRMS
AU 2007/234545 A1,2009,SOUTHERN CROSS COOPERAGE PTY LTD,B27H5/08;;B27H5/00,FIRMS
AU 2015/261634 A1,2015,DIVERSE BARREL SOLUTIONS PTY LTD,B27H5/08;;B27H5/00,FIRMS
WO 2004/055471 A1,2004,APPLIED MATERIALS INC,G01B7/06;;G01N27/72,FIRMS
WO 2004/094702 A2,2004,APPLIED MATERIALS INC;;YANG MICHAEL X;;XI MING;;BRITCHER ERIC B;;DONOSO BERNARDO;;PANG LILY L;;SHERMAN SVETLANA;;HO HENRY;;NGUYEN ANH N;;LERNER ALEXANDER N;;D AMBRA ALLEN L;;SHANMUGASUNDRAM ARULKUMAR;;ISHIKAWA TETSUYA;;RABINOVICH YEVGENIY;;LUBOMIRSKY DMITRY;;MOK YEUK-FAI EDWIN;;NGUYEN SON T,B08B3/02;;C25D5/00;;C25D7/12;;C25D17/00;;C25D21/00;;C25D21/08;;H01L21/00;;H01L21/68;;H01L21/683;;H01L21/687,FIRMS
US 2019/0279353 A1,2019,CANON KK,G06T7/00;;G06K9/00,FIRMS
WO 2018/112497 A1,2018,CANON KK;;CANON INFORMATION SYSTEMS RES AUSTRALIA PTY LTD,G06K9/46;;G06K9/82;;G06T7/30,FIRMS
US 2010/0078096 A1,2010,WATERMAN BRECK,B23Q15/00;;B27M3/00,Inventors as applicant
US 2018/0336414 A1,2018,GOOGLE INC,G06K9/00;;H04L12/58,FIRMS
US 2019/0220667 A1,2019,GOOGLE INC,G06K9/00;;G06F3/16;;G06F16/583;;G06F16/9032;;H04L12/58,FIRMS
WO 2008/115334 A2,2008,SACHAU JOHN A,H04N7/15;;H04N7/14,Inventors as applicant
US 2007/0273751 A1,2007,SACHAU JOHN A,H04N7/15;;H04N7/14,Inventors as applicant
WO 2018/213321 A1,2018,GOOGLE INC,G06F3/16;;G06F17/30,FIRMS
US 2019/0233311 A1,2019,WILMINK ERNIE,C02F1/467;;A01G7/06;;A01G25/09;;C01B13/11;;C02F1/32,Inventors as applicant
US 2012/0091236 A1,2012,ANDERSON NOEL WAYNE,B02C19/00,Inventors as applicant
WO 2005/111919 A1,2005,HEWLETT PACKARD DEVELOPMENT CO;;MOREHOUSE CHARLES C,G06K17/00;;G06K19/07,FIRMS
US 2005/0242949 A1,2005,MOREHOUSE CHARLES C,G06K17/00;;G06K19/07,Inventors as applicant
WO 2002/071209 A2,2002,MARCONI COMM LTD;;MARTIN PETER NIGEL,G06N3/00;;G06N3/12;;H03K19/173,FIRMS
WO 2019/191007 A1,2019,XORAN TECH INC,A61B6/03,FIRMS
WO 2019/152698 A1,2019,WILMINK ERNIE,C02F1/36;;C02F1/48;;C02F1/52,Inventors as applicant
WO 2004/022238 A2,2004,OSTER MAGNETICS INC;;OSTER EUGENE L,G21K1/00;;H01J37/32;;H05H1/12,FIRMS
US 2013/0041834 A1,2013,JOHN NICHOLAS AND KRISTIN GROSS TRUST U A D APRIL 13 2010;;GROSS JOHN NICHOLAS,G06Q99/00,FIRMS
US 2013/0041840 A1,2013,JOHN NICHOLAS AND KRISTIN GROSS TRUST U A D APRIL 13 2010;;GROSS JOHN NICHOLAS,G06Q30/00,FIRMS
US 2013/0132157 A1,2013,JOHN NICHOLAS AND KRISTIN GROSS TRUST U A D APRIL 13 2010;;GROSS JOHN NICHOLAS,G06Q30/02,FIRMS
US 2006/0026017 A1,2006,WALKER RICHARD C,G06Q99/00,Inventors as applicant
US 2005/0148704 A1,2005,FORD GLOBAL TECH LLC,B05D3/02;;B05D3/06;;C08F2/46,FIRMS
US 2004/0151843 A1,2004,FORD GLOBAL TECH INC,B05D3/02;;B05D3/06;;C08F2/46,FIRMS
US 2014/0152847 A1,2014,GOOGLE INC,G06Q30/06;;H04N5/232,FIRMS
US 2009/0157486 A1,2009,GROSS JOHN NICHOLAS,G06Q30/00;;G06F17/30;;G06Q50/00;;G06Q99/00,Inventors as applicant
US 2011/0288919 A1,2011,GROSS JOHN NICHOLAS,G06Q30/00,Inventors as applicant
US 2013/0041839 A1,2013,JOHN NICHOLAS AND KRISTIN GROSS TRUST U A D APRIL 13 2010;;GROSS JOHN NICHOLAS,G06Q30/00,FIRMS
US 2013/0035988 A1,2013,JOHN NICHOLAS AND KRISTIN GROSS TRUST U A D APRIL 13 2010;;GROSS JOHN NICHOLAS,G06Q30/02,FIRMS
US 2013/0041488 A1,2013,JOHN NICHOLAS AND KRISTIN GROSS TRUST U A D APRIL 13 2010;;GROSS JOHN NICHOLAS,G06F19/00,FIRMS
US 2013/0041754 A1,2013,JOHN NICHOLAS AND KRISTIN GROSS TRUST U A D APRIL 13 2010;;GROSS JOHN NICHOLAS,G06Q30/02,FIRMS
US 2014/0039980 A1,2014,JOHN NICHOLAS AND KRISTIN GROSS TRUST U A D APRIL 13 2010;;GROSS JOHN NICHOLAS,G06Q30/02,FIRMS
WO 2018/151768 A1,2018,GOOGLE INC,G10L15/18;;G06F40/00;;G10L15/197,FIRMS
US 2018/0233131 A1,2018,GOOGLE INC,G10L15/07;;G06F40/00;;G10L15/01;;G10L15/187;;G10L15/30,FIRMS
US 2019/0341024 A1,2019,GOOGLE INC,G10L15/07;;G06F40/00;;G10L15/18;;G10L15/187;;G10L15/197,FIRMS
WO 2008/073520 A2,2008,ALLIANT TECHSYSTEMS INC;;MILLER LLOYD G;;HARRIS DOUGLAS G;;BENSON VERNON M;;SHUPE KEITH G;;WADE KEVIN L,B29C70/38,FIRMS
WO 2014/089089 A1,2014,GOOGLE INC,G06F17/00;;G06F17/30,FIRMS
WO 2016/057551 A1,2016,LAM RES CORP,G05B19/409,FIRMS
WO 2009/135137 A2,2009,APPLIED MATERIALS INC;;ADERHOLD WOLFGANG R;;HUNTER AARON;;RANISH JOSEPH R,H01L21/324;;H01L21/683,FIRMS
WO 2014/051874 A1,2014,APPLIED MATERIALS INC,H01L21/683;;H01L21/324,FIRMS
WO 2016/057565 A1,2016,LAM RES CORP,G05B19/409,FIRMS
WO 2005/051984 A2,2005,ARENA PHARM INC;;HUNG GENE;;ORTUNO DANIEL;;UNETT DAVID;;GATLIN JOEL,C07K14/705;;C07K14/72,FIRMS
US 2018/0372623 A1,2018,LABBY INC,G01N21/31;;G01N21/03;;G01N33/14,FIRMS
WO 2018/031575 A1,2018,BATTELLE ENERGY ALLIANCE LLC,H04W72/12;;H04W24/10;;H04W72/04,FIRMS
WO 2010/019286 A2,2010,ALIEN TECHNOLOGY CORP;;HADLEY MARK ALFRED;;TU JAY;;ATHERTON COLLEEN;;BOLING EDWARD JOHN;;SMITH JOHN STEPHEN,G06K19/07,FIRMS
AU 2004/292536 A1,2005,ARENA PHARM INC,C07K14/72;;C07K14/705,FIRMS
WO 2010/071754 A1,2010,ETHICON ENDO SURGERY INC;;PARIHAR SHAILENDRA K;;LEIMBACH JESSICA PYZOHA;;LUDZACK MICHAEL R,A61B17/34;;A61B10/02,FIRMS
WO 2010/071748 A1,2010,ETHICON ENDO SURGERY INC;;PARIHAR SHAILENDRA K;;LEIMBACH JESSICA PYZOHA;;LUDZACK MICHAEL R,A61B10/00,FIRMS
WO 2010/080316 A1,2010,ETHICON ENDO SURGERY INC;;PARIHAR SHAILENDRA K;;LEIMBACH JESSICA PYZOHA;;LUDZACK MICHAEL R,A61B17/34;;A61B10/02,FIRMS
WO 2010/080314 A1,2010,ETHICON ENDO SURGERY INC;;PARIHAR SHAILENDRA K;;LEIMBACH JESSICA PYZOHA;;LUDZACK MICHAEL R,A61B17/34;;A61B10/02,FIRMS
WO 2010/080299 A1,2010,ETHICON ENDO SURGERY INC;;PARIHAR SHAILENDRA K;;LEIMBACH JESSICA PYZOHA;;LUDZACK MICHAEL R,A61B10/02;;A61B17/00;;A61B17/32;;A61B19/00,FIRMS
US 2015/0035437 A1,2015,PANOPOULOS PETER J,H05B33/08;;F21V14/02;;H05B37/02,FIRMS
US 2017/0166067 A1,2017,PANOPOULOS PETER J,B60L11/18;;B64F1/00;;F21S8/08,FIRMS
US 2008/0046130 A1,2008,DEERE & CO,G05D11/00,FIRMS
WO 2008/136804 A1,2008,DEERE & CO;;FAIVRE STEPHEN MICHAEL;;ANDERSON NOEL WAYNE;;STELFORD MARK WILLIAM,B05B3/18;;G05D9/00,FIRMS
US 2012/0042563 A1,2012,ANDERSON NOEL WAYNE,A01M99/00,Inventors as applicant
AU 1999/040475 A,2000,CHATEAU LEOVILLE LAS CASES SOC;;WAJSFELNER RENE,B08B7/00;;B08B9/08;;B27H5/00;;B27M1/06,FIRMS
WO 2012/017230 A1,2012,ANIMAL HEALTH INST;;BLAKE DAMER;;SMITH ADRIAN;;SHIRLEY MARTIN,C07K14/455,FIRMS
WO 2011/028603 A2,2011,UNIV MICHIGAN;;ROBERTS WILLIAM W;;HALL TIMOTHY L;;CAIN CHARLES A;;FOWLKES J BRIAN;;XU ZHEN;;KUSNER MICHAEL THOMAS JR;;TEOFILOVIC DEJAN,A61N7/00;;A61B8/00;;A61B8/13;;B25J7/00,FIRMS
AU 2010/289769 A1,2012,UNIV MICHIGAN;;HISTOSONICS INC,A61N7/00;;A61B8/00;;A61B8/13;;B25J7/00,FIRMS
US 2012/0046837 A1,2012,ANDERSON NOEL WAYNE,G06F19/00;;G01S19/39;;G06F17/30;;G06K9/00,Inventors as applicant
WO 2013/043936 A1,2013,MASSACHUSETTS INST TECHNOLOGY,C12Q1/68,FIRMS
WO 2006/125231 A2,2006,PHOTON THERAPY SYSTEMS PROPRIE;;VENTER CORNELIA MARIA;;DU PLOOY CORNELIUS JOHANNES;;KRDZALIC DRAGOMIR,A61N5/06,FIRMS
US 2012/0150355 A1,2012,ANDERSON NOEL WAYNE,G05D7/06,FIRMS
AU 2006/246723 A1,2006,PHOTON THERAPY SYSTEMS PROPRIE,A61N5/06,FIRMS
US 2012/0046790 A1,2012,ANDERSON NOEL WAYNE,G05B15/00,Inventors as applicant
WO 2006/050772 A1,2006,BAYER CROPSCIENCE SA;;CHOU DAVID TEH-WEI;;THOENESSEN MARIA;;KUHLMANN ANKE;;DOELLER UWE;;HEMPEL WALTRAUD,C07D231/44;;A01N43/56;;C07D401/12,FIRMS
US 2008/0076802 A1,2008,CHOU TEH-WEI D;;THONESSEN MARIA;;KUHLMANN ANKE;;DOLLER UWE;;HEMPEL WALTRAUD,A01N43/56;;A01P5/00;;A01P7/00;;A01P7/04;;C07D231/44;;C07D401/04,Inventors as applicant
WO 2006/077070 A1,2006,BAYER CROPSCIENCE SA;;SCHNATTERER STEFAN;;MAIER MICHAEL;;LOCHHAAS FRIEDERIKE;;KNAUF WERNER;;SEEGER KARL,C07D401/04;;A01N43/00;;A01N43/56;;C07D231/44,FIRMS
WO 2018/098372 A1,2018,ISOPLEXIS CORP;;TSIOMPLIKAS PETER;;SEDGEWICK JERRY;;WHYNALL JEFFREY;;MACKAY SEAN,G01N21/76;;C12M1/34;;C12Q1/00;;G01J3/40;;G01N33/483;;G01N33/554,FIRMS
US 2008/0132558 A1,2008,CHOU DAVID T;;MAIER MICHAEL;;PETRY FRIEDERIKE;;KNAUF WERNER,C07D231/12;;A01N43/56;;A01P5/00;;A01P7/02;;A01P7/04;;C07D409/02,Inventors as applicant
WO 2006/063700 A1,2006,BAYER CROPSCIENCE SA;;SCHNATTERER STEFAN;;MAIER MICHAEL;;LOCHHAAS FRIEDERIKE;;KNAUF WERNER;;SEEGER KARL,C07D409/04;;A01N43/56;;A61K31/415;;A61K31/4155;;A61K31/4439;;A61P33/00;;C07D231/38;;C07D409/14;;C07D411/04,FIRMS
US 2009/0012143 A1,2009,BAYER CROPSCIENCE SA;;SCHNATTERER STEFAN;;MAIER MICHAEL;;LOCHHAAS FRIEDERIKE;;KNAUF WERNER;;SEEGER KARL,A01N43/56;;A01P7/04;;C07D231/50,Inventors as applicant
WO 2020/002563 A1,2020,SYNGENTA PARTICIPATIONS AG,C07D401/14;;A01N43/647;;C07D401/04;;C07D403/04,FIRMS
US 2015/0030721 A1,2015,STRYDOM TREVOR;;VAN NIEKERK MICHAEL;;GHAI OLIVER,C12C11/00;;C12G1/022;;C12G3/02,Inventors as applicant
WO 2013/068999 A1,2013,AUDACIA WINES PTY LTD,C12C5/00;;A61K8/97;;A61Q5/00;;A61Q5/02;;A61Q19/00;;C12C7/28;;C12C11/00;;C12G1/02;;C12G3/02,FIRMS
AU 2012/335175 A1,2014,RED DAWN HOLDINGS PTY LTD,C12C5/00;;A61K8/97;;A61Q5/00;;A61Q5/02;;A61Q19/00;;C12C7/28;;C12C11/00;;C12G1/02;;C12G3/02,FIRMS
WO 2018/171908 A1,2018,APPLIED MATERIALS INC;;WHITE JOHN M;;VINCENT JOSEPH;;LINDENBERG RALPH,H01L21/677;;H01L21/683,FIRMS
WO 2018/171907 A1,2018,APPLIED MATERIALS INC;;LINDENBERG RALPH;;VINCENT JOSEPH;;WHITE JOHN M,H01L21/683,FIRMS
WO 2018/171909 A1,2018,APPLIED MATERIALS INC;;LINDENBERG RALPH;;VINCENT JOSEPH;;WHITE JOHN M,H01L21/683,FIRMS
US 2003/0165879 A1,2003,WOODS DANIEL F.;;DIMITRATOS SPIROS D.,C07K14/705;;C12N5/02;;C12Q1/68;;G01N33/50,FIRMS
WO 2002/077200 A2,2002,INSCENT INC;;WOODS DANIEL;;DIMITRATOS SPIROS,C07K14/705;;C12N5/02;;C12Q1/68;;G01N33/50,FIRMS
WO 2003/022055 A1,2003,BAYER CROPSCIENCE SA;;DOELLER UWE;;SHERMOLOVICH YURIY GRIGOROVICH;;YEMETS SERGIY VASILIOVICH;;THOENESSEN MARIA-THERESIA;;HEMPEL WALTRAUD,A01N43/90;;C07D231/28;;C07D401/04;;C07D401/14;;C07D403/12;;C07D495/10;;C07D495/20,FIRMS
WO 2019/229089 A1,2019,SYNGENTA PARTICIPATIONS AG,C07D487/04;;A01N43/90,FIRMS
WO 2010/080298 A1,2010,ETHICON ENDO SURGERY INC;;PARIHAR SHAILENDRA K;;LEIMBACH JESSICA PYZOHA;;LUDZACK MICHAEL R,A61B10/00;;A61B10/02,FIRMS
WO 2019/144231 A1,2019,ELEOS ROBOTICS INC,A01B39/06;;A01B1/16;;A01B39/18;;A01M21/04;;B25J5/00;;B25J9/18;;B25J19/04;;B60L53/36;;B60L58/12;;G01N21/84;;G01R31/387;;G05D1/02,FIRMS
WO 2019/229088 A1,2019,SYNGENTA PARTICIPATIONS AG,C07D487/04;;A01N43/90,FIRMS
WO 2019/219689 A1,2019,SYNGENTA PARTICIPATIONS AG,C07D487/04;;A01N43/90,FIRMS
US 2010/0268390 A1,2010,ANDERSON NOEL WAYNE,G05D7/06;;A01G1/00;;G06N5/02,Inventors as applicant
US 2010/0268679 A1,2010,ANDERSON NOEL WAYNE,G06N5/02;;G06F15/18,Inventors as applicant
US 2010/0268562 A1,2010,ANDERSON NOEL WAYNE,G06Q10/00;;G06Q50/00,Inventors as applicant
US 2010/0268391 A1,2010,ANDERSON NOEL WAYNE,G05D7/06;;A01G1/00,Inventors as applicant
WO 2006/061146 A1,2006,BAYER CROPSCIENCE SA;;SCHNATTERER STEFAN;;MAIER MICHAEL;;LOCHHAAS FRIEDERIKE;;KNAUF WERNER;;SEEGER KARL,C07D231/44;;A01N43/56;;C07D405/12,FIRMS
US 2009/0186932 A1,2009,BAYER CROPSCIENCE SA;;SCHNATTERER STEFAN;;MAIER MICHAEL;;LOCHHAAS FRIEDERIKE;;KNAUF WERNER;;SEEGER KARL,A01N43/56;;A01P7/00;;C07D231/14;;C07D231/44;;C07D405/12;;C07D411/12,Inventors as applicant
US 2007/0282112 A1,2007,CHOU DAVID;;KNAUF WERNER;;MAIER MICHAEL;;LOCHHAAS FRIEDERIKE;;SEEGER KARL,A01N43/40;;A01N43/56;;C07D231/38;;C07D231/44;;C07D401/04,Inventors as applicant
WO 2006/000311 A1,2006,BAYER CROPSCIENCE SA;;SCHNATTERER STEFAN;;MAIER MICHAEL;;LOCHHAAS FRIEDERIKE;;KNAUF WERNER;;SEEGER KARL,A01N43/56;;C07D231/38;;C07D231/44,FIRMS
WO 2006/061147 A1,2006,BAYER CROPSCIENCE SA;;SCHNATTERER STEFAN;;MAIER MICHAEL;;LOCHHAAS FRIEDERIKE;;KNAUF WERNER;;SEEGER KARL,C07D231/44;;A01N43/56;;A01N43/60;;A01N43/62;;A61K31/4155;;A61K31/496;;A61K31/506;;A61K31/551;;C07D401/12;;C07D403/04;;C07D403/12,FIRMS
WO 2006/000312 A1,2006,BAYER CROPSCIENCE SA;;SCHNATTERER STEFAN;;MAIER MICHAEL;;LOCHHAAS FRIEDERIKE;;KNAUF WERNER;;SEEGER KARL,A01N43/56;;C07D231/44;;C07D405/12;;C07D411/12,FIRMS
US 2007/0276028 A1,2007,BAYER CROPSCIENCE SA;;SCHNATTERER STEFAN;;MAIER MICHAEL;;LOCHHAAS FRIEDERIKE;;KNAUF WERNER;;SEEGER KARL,A01N43/36;;A01N43/56;;A01P17/00;;C07D207/36;;C07D231/44;;C07D405/12;;C07D411/12,Inventors as applicant
WO 2006/000315 A1,2006,BAYER CROPSCIENCE SA;;CHOU DAVID TEH-WEI;;KNAUF WERNER;;MAIER MICHAEL;;MALASKA MICHAEL JAMES;;MCINTYRE DON;;LOCHHAAS FRIEDERIKE;;HUBER SCOT KEVIN;;SEEGER KARL,A01N43/36;;C07D207/36,FIRMS
US 2007/0281976 A1,2007,CHOU DAVID;;KNAUF WERNER;;MAIER MICHAEL;;MALASKA MICHAEL J;;MCINTYRE DON;;LOCHHAAS FRIEDERIKE;;HUBER SCOT K,A61K31/44;;A01N43/36;;A01P17/00;;C07D207/36,Inventors as applicant
WO 2005/023775 A1,2005,BAYER CROPSCIENCE SA;;CHOU DAVID TEH-WEI;;KNAUF WERNER;;DOELLER UWE;;SEEGER KARL,C07D231/44;;C07D401/04,FIRMS
US 2007/0066596 A1,2007,BAYER CROPSCIENCE GMBH,C07D417/14;;A01N43/56;;A01N43/62;;A01N47/02;;A01N47/06;;A01N47/20;;C07D231/38;;C07D231/42;;C07D401/04;;C07D403/04;;C07D413/02,FIRMS
WO 2005/023776 A1,2005,BAYER CROPSCIENCE SA;;CHOU DAVID TEH-WEI;;SCHNATTERER STEFAN;;KNAUF WERNER;;SEEGER KARL,A01N43/56;;A01N47/02;;A01N47/06;;A01N47/20;;C07D231/38;;C07D231/42;;C07D401/04,FIRMS
WO 2005/082917 A1,2005,BAYER CROPSCIENCE SA;;DOELLER UWE;;MAIER MICHAEL;;KUHLMANN ANKE;;JANS DANIELA;;MICHAILOVICH PINCHUK ALEXANDER;;PAVLOVICH MARCHENKO ANATOLIY;;NIKOLAEVICH KOYDAN GEORGIY,A01N57/32;;C07F9/6503;;C07F9/6558,FIRMS
WO 2005/082916 A1,2005,BAYER CROPSCIENCE SA;;SCHNATTERER STEFAN;;MAIER MICHAEL;;LOCHHAAS FRIEDERIKE;;KNAUF WERNER;;SEEGER KARL,A01N57/32;;C07F9/6503,FIRMS
WO 2005/090314 A1,2005,BAYER CROPSCIENCE SA;;SCHNATTERER STEFAN;;CHOU DAVID TEH-WEI;;KNAUF WERNER;;JANS DANIELA;;SEEGER KARL,C07D231/44;;C07D401/04,FIRMS
US 2005/0211768 A1,2005,STILLMAN SUZANNE J,A63F9/24;;G07F11/00;;G07F17/00;;G07F17/16;;G07F17/26;;G07F17/32,Inventors as applicant
WO 2004/036515 A1,2004,STILLMAN SUZANNE JAFFE,A63F9/24;;G07F11/00;;G07F17/00;;G07F17/16;;G07F17/26;;G07F17/32,Inventors as applicant
WO 2017/197226 A1,2017,DANIELS ROBERT LEONARD,E01C1/00,Inventors as applicant
WO 2006/000314 A1,2006,BAYER CROPSCIENCE SA;;SCHNATTERER STEFAN;;MAIER MICHAEL;;LOCHHAAS FRIEDERIKE;;KNAUF WERNER;;SEEGER KARL,A01N43/56;;C07D231/44,FIRMS
WO 2005/005412 A1,2005,BAYER CROPSCIENCE GMBH;;ARAKI KOICHI;;MURATA TETSUYA;;ITO MASAHITO;;NAKAKURA NORIHIKO;;SHIMOJO EIICHI;;ARNOLD CHRISTIAN;;JANS DANIELA;;HEMPEL WALTRAUD;;MALSAM OLGA,A01N43/50;;C07D401/12,FIRMS
WO 2004/050633 A1,2004,BAYER CROPSCIENCE SA;;DOELLER UWE;;HOEBALD KLAUS DIETER;;MAIER MICHAEL;;KUHLMANN ANKE;;SEEGER KARL,A01N43/56;;C07D231/44;;C07D401/12;;C07D403/12;;C07D405/12;;C07D409/12;;C07D417/12,FIRMS
WO 2004/049803 A1,2004,BAYER CROPSCIENCE SA;;SCHNATTERER STEFAN;;HAWKINS DAVID WILLIAM;;JANS DANIELA;;MAIER MICHAEL;;KUHLMANN ANKE;;SANWALD ERICH FRIEDRICH;;THOENESSEN MARIA-THERESIA;;SEEGER KARL,A01N43/56;;C07D231/44;;C07D401/12,FIRMS
WO 2004/049797 A2,2004,BAYER CROPSCIENCE SA;;DOELLER UWE;;CHOU DAVID TEH-WEI;;STEINSBERGER MERWYN;;MAIER MICHAEL;;KUHLMANN ANKE;;SEEGER KARL;;HAWKINS DAVID WILLIAM;;GOUGH STANLEY THOMAS DEREK;;MANNING DAVID TREADWAY,A01N43/56;;A01N43/653;;A01N43/713;;A01N43/78;;A01N47/02;;C07D231/44;;C07D401/12;;C07D403/12;;C07D405/12;;C07D409/12;;C07D417/12,FIRMS
AU 2010/201510 A1,2010,DEERE & CO,A01G25/16;;A01G1/00;;A01G9/26;;A01G27/00,FIRMS
WO 2019/138018 A1,2019,SYNGENTA PARTICIPATIONS AG,C07D471/04;;A01N43/90,FIRMS
WO 2019/215198 A1,2019,SYNGENTA CROP PROTECTION AG,A01N43/653;;A01N25/00;;A01N43/713;;A01P7/02;;A01P7/04;;A01P9/00,FIRMS
WO 2003/097605 A1,2003,BAYER CROPSCIENCE GMBH;;ARAKI KOICHI;;MURATA TETSUYA;;GUNJIMA KOSHI;;NAKAKURA NORIHIKO;;SHIMOJO EIICHI;;MITCHELL DALE ROBERT;;BASTIAANS HENRICUS MARIA MARTI;;CARVER DAVID STEPHEN;;ALLEN DANIEL;;ARNOLD CHRISTIAN;;HEMPEL WALTRAUD;;MALSAM OLGA;;WAIBEL JUTTA MARIA,A01N43/40;;A01N43/74;;A01N43/78;;A01N43/82;;A01N43/824;;A01N43/86;;A61K31/455;;A61K31/541;;A61P33/10;;A61P33/14;;C07D213/82;;C07D411/12;;C07D413/12;;C07D417/12;;C07D419/12,FIRMS
WO 2003/097604 A1,2003,BAYER CROPSCIENCE GMBH;;ARAKI KOICHI;;MURATA TETSUYA;;GUNJIMA KOSHI;;NAKAKURA NORIHIKO;;SHIMOJO EIICHI;;ARNOLD CHRISTIAN;;HEMPEL WALTRAUD;;JANS DANIELA;;MALSAM OLGA;;WAIBEL JUTTA MARIA,A01N43/40;;A01N43/50;;A01N43/54;;A01N43/653;;A01N43/713;;A01N43/88;;A01N47/12;;A01N47/24;;A01N47/34;;A61K31/455;;A61K31/5377;;A61K31/541;;A61P33/10;;A61P33/14;;C07D213/82;;C07D401/06;;C07D405/12;;C07D409/12;;C07D413/06;;C07D413/12;;C07D417/06;;C07D417/12,FIRMS
US 2003/0149028 A1,2003,SHERMOLOVICH JURIY GRIGORIEVICH;;DOLLER UWE;;YEMETS SERGIY VASILIOVICH;;THONESSEN MARIA-THERESIA;;HEMPEL WALTRAUD,A01N43/90;;C07D231/28;;C07D401/04;;C07D401/14;;C07D403/12;;C07D495/10;;C07D495/20,FIRMS
AU 2010/201509 A1,2010,DEERE & CO,A01G1/00;;A01G9/26,FIRMS
WO 2019/234158 A1,2019,SYNGENTA CROP PROTECTION AG,C07D487/04;;A01N43/90,FIRMS
WO 2014/197607 A1,2014,UNIV CALIFORNIA,G01N33/569,UNIVERSITY
US 2010/0285964 A1,2010,BAYER CROPSCIENCE GMBH,A01N43/66;;A01P13/00;;C07C263/16;;C07C265/00;;C07D251/42,FIRMS
AU 2004/270341 A1,2005,BAYER CROPSCIENCE GMBH,C07D231/44;;A01N43/56;;C07D401/04,FIRMS
AU 2004/270342 A1,2005,BAYER CROPSCIENCE GMBH,C07D231/44;;A01N43/56;;A01N47/02;;A01N47/06;;A01N47/20;;C07D231/38;;C07D231/42;;C07D401/04,FIRMS
AU 2005/223305 A1,2005,BAYER CROPSCIENCE GMBH,C07D231/44;;C07D401/04,FIRMS
US 2008/0132487 A1,2008,BAYER CROPSCIENCE SA;;SCHNATTERER STEFAN;;MAIER MICHAEL;;LOCHHAAS FRIEDERIKE;;KNAUF WERNER;;SEEGER KARL,A61K31/55;;A01N43/56;;A01N43/76;;A61K31/541;;C07D403/02;;C07D413/02;;C07D417/02,Inventors as applicant
US 2007/0275976 A1,2007,BAYER CROPSCIENCE SA;;SCHNATTERER STEFAN;;MAIER MICHAEL;;LOCHHAAS FRIEDERIKE;;KNAUF WERNER;;SEEGER KARL,A01N43/56;;A01P15/00;;C07D231/44;;C07D241/02;;C07D403/02,Inventors as applicant
WO 2006/000313 A1,2006,BAYER CROPSCIENCE SA;;SCHNATTERER STEFAN;;MAIER MICHAEL;;LOCHHAAS FRIEDERIKE;;KNAUF WERNER;;SEEGER KARL,A01N43/56;;C07D231/44,FIRMS
US 2008/0113998 A1,2008,BAYER CROPSCIENCE SA;;SCHNATTERER STEFAN;;MAIER MICHAEL;;LOCHHAAS FRIEDERIKE;;KNAUF WERNER;;SEEGER KARL,C07D403/02;;A01N43/50,Inventors as applicant
WO 2005/090312 A1,2005,BAYER CROPSCIENCE SA;;SCHNATTERER STEFAN;;CHOU DAVID TEH-WEI;;KNAUF WERNER;;JANS DANIELA;;SEEGER KARL,A61B5/053;;A61K31/41;;A61K31/435;;C07D231/38;;C07D401/04;;C07D401/12;;C07D403/12,FIRMS
US 2008/0064698 A1,2008,BAYER CROPSCIENCE GMBH,A01N43/56;;A01N43/84;;A01P5/00;;A01P7/00;;C07D231/44;;C07D401/04;;C07D401/10;;C07D403/10;;C07D413/10,FIRMS
WO 2010/071752 A1,2010,ETHICON ENDO SURGERY INC;;PARIHAR SHAILENDRA K;;HIBNER JOHN A;;NOCK ANDREW P;;HABERSTICH WELLS D;;JOHNSON GREGORY W;;LEIMBACH JESSICA PYZOHA;;LUDZACK MICHAEL R,A61B10/02,FIRMS
US 2011/0009263 A1,2011,BAYER CROPSCIENCE GMBH,A01N55/02;;A01N47/36;;A01P13/00;;C07D413/14;;C07F1/08;;C07F3/06,FIRMS
AU 2003/288038 A1,2004,BAYER CROPSCIENCE GMBH,A01N43/56;;C07D231/44;;C07D401/12,FIRMS
AU 2003/289709 A1,2004,BAYER CROPSCIENCE GMBH,A01N43/56;;C07D231/44;;C07D401/12;;C07D403/12;;C07D405/12;;C07D409/12;;C07D417/12,FIRMS
AU 2003/296246 A1,2004,BAYER CROPSCIENCE GMBH,A01N43/56;;A01N43/653;;A01N43/713;;A01N43/78;;A01N47/02;;C07D231/44;;C07D401/12;;C07D403/12;;C07D405/12;;C07D409/12;;C07D417/12,FIRMS
WO 2003/074492 A2,2003,BAYER CROPSCIENCE SA;;CHOU DAVID TEH-WEI;;BASTIAANS HENRICUS MARIA MARTI;;KUHLMANN ANKE;;THOENESSEN MARIA-THERESIA;;SCHNATTERER STEFAN;;DOELLER UWE;;HUANG JAMIN;;SEEGER KARL;;SCRIBNER ANDREW;;PEREZ DE LEON ADALBERTO A,C07D231/38;;A01N43/40;;A01N43/56;;A01N43/60;;C07D231/44;;C07D401/04;;C07D401/12;;C07D405/12;;C07D409/12,FIRMS
WO 2003/074493 A1,2003,BAYER CROPSCIENCE SA;;CHOU DAVID TEH-WEI;;BASTIAANS HENRICUS MARIA MARTI;;KUHLMANN ANKE;;THOENESSEN MARIA-THERESIA;;SCHNATTERER STEFAN;;DOELLER UWE;;HUANG JAMIN;;SEEGER KARL;;SCRIBNER ANDREW;;PEREZ DE LEON ADALBERTO A,C07D231/38;;A01N43/40;;A01N43/56;;A01N43/60;;C07D231/44;;C07D401/04;;C07D401/12;;C07D405/12;;C07D409/12,FIRMS
US 2005/0171164 A1,2005,CHOU DAVID T.;;BASTIAANS HENRICUS MARIA M.;;KUHLMANN ANKE;;THONESSEN MARIA-THERESIA;;SCHNATTERER STEFAN;;DOLLER UWE;;HUANG JAMIN;;SEEGER KARL;;SCRIBNER ANDREW;;PEREZ DE LEON ADALBERTO A.,C07D231/38;;A01N43/40;;A01N43/56;;A01N43/60;;C07D231/44;;C07D401/04;;C07D401/12;;C07D405/12;;C07D409/12,FIRMS
US 2007/0281987 A1,2007,BAYER CROPSCIENCE SA;;SCHNATTERER STEFAN;;MAIER MICHAEL;;LOCHHAAS FRIEDERIKE;;KNAUF WERNER;;SEEGER KARL,A01N43/56;;A01P15/00;;C07D231/14;;C07D231/44,Inventors as applicant
US 2006/0135778 A1,2006,BAYER CROPSCIENCE GMBH,A61K31/4439;;A01N43/56;;A61K31/4152;;C07D231/28;;C07D231/44;;C07D401/12;;C07D403/04,FIRMS
US 2006/0241105 A1,2006,DOLLER UWE;;HOBALD KLAUS D;;MAIER MICHAEL;;KUHLMANN ANKE,A01N43/66;;A01N43/40;;A01N43/54;;A01N43/56;;C07D231/44;;C07D401/12;;C07D403/02;;C07D403/12;;C07D405/12;;C07D409/12;;C07D413/02;;C07D417/02;;C07D417/12,Inventors as applicant
US 2006/0247242 A1,2006,DOELLER UWE;;CHOU DAVID T;;STEINSBERGER MERWYN;;MAIER MICHAEL;;KUHLMANN ANKE;;SEEGER KARL;;HAWKINS DAVID W;;GOUGH STANLEY T D;;MANNING DAVID T,A01N43/66;;A01N43/50;;A01N43/54;;A01N43/56;;A01N43/653;;A01N43/713;;A01N43/76;;A01N43/78;;A01N47/02;;C07D231/44;;C07D401/12;;C07D403/12;;C07D405/12;;C07D409/12;;C07D417/12,Inventors as applicant
AU 2008/315608 A1,2009,BAYER CROPSCIENCE GMBH,A01N47/36;;A01P13/00;;C07C311/65;;C07D251/16,FIRMS
AU 2009/335989 A1,2011,DEVICOL MEDICAL PRODUCTS INC,A61B10/00;;A61B10/02,FIRMS
AU 2009/226680 A1,2009,BAYER CROPSCIENCE GMBH,A01N47/36;;A01P13/02,FIRMS
AU 2003/221298 A1,2003,BAYER CROPSCIENCE GMBH,C07D231/38;;A01N43/40;;A01N43/56;;A01N43/60;;C07D231/44;;C07D401/04;;C07D401/12;;C07D405/12;;C07D409/12,FIRMS
AU 2003/211629 A1,2003,BAYER CROPSCIENCE GMBH,C07D231/38;;A01N43/40;;A01N43/56;;A01N43/60;;C07D231/44;;C07D401/04;;C07D401/12;;C07D405/12;;C07D409/12,FIRMS
US 2002/0142324 A1,2002,WANG XUN;;TURGEON BARBARA GILLIAN;;YODER OLEN;;WU JIANGUO,C07K14/37;;C12N15/10;;C12Q1/68,Inventors as applicant
US 2007/0149575 A1,2007,SCHNATTERER STEFAN;;CHOU DAVID T;;KNAUF WERNER;;JANS DANIELA;;SEEGER KARL,A61K31/4439;;A61B5/053;;A61K31/41;;A61K31/4152;;A61K31/435;;C07D231/38;;C07D401/04;;C07D401/12;;C07D403/04;;C07D403/12,Inventors as applicant
US 2007/0072850 A1,2007,BAYER CROPSCIENCE GMBH,C07D417/14;;A01N43/40;;A01N43/56;;C07D231/44;;C07D401/04;;C07D403/04;;C07D403/14;;C07D413/14,FIRMS
US 2005/0182048 A1,2005,BAYER CROPSCIENCE GMBH,C07D231/38;;A01N43/40;;A01N43/56;;A01N43/60;;C07D231/44;;C07D401/04;;C07D401/12;;C07D405/12;;C07D409/12,FIRMS
WO 2019/234160 A1,2019,SYNGENTA CROP PROTECTION AG,C07D401/04;;A01N43/34;;C07D213/62;;C07D413/04;;C07D471/04,FIRMS
AU 2003/242249 A1,2003,BAYER CROPSCIENCE GMBH,A01N43/40;;A01N43/50;;A01N43/54;;A01N43/653;;A01N43/713;;A01N43/88;;A01N47/12;;A01N47/24;;A01N47/34;;A61K31/455;;A61K31/5377;;A61K31/541;;A61P33/10;;A61P33/14;;C07D213/82;;C07D401/06;;C07D405/12;;C07D409/12;;C07D413/06;;C07D413/12;;C07D417/06;;C07D417/12,FIRMS
US 2007/0010532 A1,2007,BAYER CROPSCIENCE GMBH,A01N43/54;;A01N43/40;;A01N43/50;;C07D401/12;;C07D403/02;;C07D417/02,FIRMS
US 2005/0227970 A1,2005,ARAKI KOICHI;;MURATA TETSUYA;;GUNJIMA KOSHI;;NAKAKURA NORIHIKO;;SHIMOJO EIICHI;;MITCHELL DALE R;;BASTIAANS HENRICUS MARIA M,A01N43/40;;A01N43/74;;A01N43/78;;A01N43/82;;A01N43/824;;A01N43/86;;A61K31/455;;A61K31/541;;A61P33/10;;A61P33/14;;C07D213/82;;C07D411/12;;C07D413/12;;C07D417/12;;C07D419/12,Inventors as applicant
US 2006/0166991 A1,2006,ARAKI KOICHI;;MURATA TETSUYA;;GUNJIMA KOSHI;;NAKAKURA NORIHIKO;;SHIMOJO EIICHI;;ARNOLD CHRISTIAN;;HEMPEL WALTRAUD;;JANS DANIELA;;MALSAM OLGA;;WAIBEL JUTTA M,A01N43/54;;A01N43/40;;A01N43/50;;A01N43/64;;A01N43/653;;A01N43/713;;A01N43/88;;A01N47/12;;A01N47/24;;A01N47/34;;A61K31/455;;A61K31/5377;;A61K31/541;;A61P33/10;;A61P33/14;;C07D213/82;;C07D401/06;;C07D403/02;;C07D405/12;;C07D409/12;;C07D413/06;;C07D413/12;;C07D417/06;;C07D417/12,Inventors as applicant
WO 2019/077138 A1,2019,TOFWERK AG,H01J49/14;;G01N33/46;;G01N35/04;;H01J49/04;;H01J49/06,FIRMS
WO 2019/076490 A1,2019,TOFWERK AG,H01J49/14;;G01N33/46;;G01N35/04;;H01J49/04;;H01J49/06,FIRMS
US 2019/0325533 A1,2019,INDIGO AG INC,G06Q50/02;;G06F3/0482;;G06Q10/08;;G06Q30/06,FIRMS
WO 2019/209947 A1,2019,INDIGO AG INC,G06Q30/06;;G06Q40/04;;G06Q50/02;;G06Q50/28,FIRMS
US 2013/0073387 A1,2013,HEATH STEPHAN,G06Q30/02,Inventors as applicant
US 2018/0128914 A1,2018,OVALIE INNOVATION,G01S13/90,FIRMS
US 2017/0015168 A1,2017,ECOLE POLYTECHNIQUE FED DE LAUSANNE (EPFL),B60G5/02;;B60G5/06;;B60G21/045;;B62D7/15,FIRMS
US 2003/0033627 A1,2003,DESCENZO RICHARD A.;;IRELAN NANCY A.,C12N9/02;;C12N15/29;;C12N15/82,FIRMS
WO 2014/039515 A2,2014,UNIV MASSACHUSETTS,A61K31/496,FIRMS
US 2014/0142107 A1,2014,UNIV MASSACHUSETTS,A01N43/84;;A01N37/22;;A01N43/12;;A01N43/36;;A01N43/42;;A01N43/58;;A01N43/60;;A01N43/713,FIRMS
US 2017/0224703 A1,2017,UNIV MASSACHUSETTS;;WORCESTER POLYTECH INST,A61K31/55;;A61K31/165;;A61K31/167;;A61K31/24;;A61K31/381;;A61K31/402;;A61K31/44;;A61K31/47;;A61K31/495;;A61K31/496;;A61K31/5025;;A61K31/513;;A61K31/517;;A61K31/519;;A61K31/5375,FIRMS
WO 2007/115695 A1,2007,BAYER CROPSCIENCE AG;;MINN KIEMENS;;DIETRICH HANSJOERG;;HILLS MARTIN;;KEHNE HEINZ;;ROSINGER CHRISTOPHER;;FEUCHT DIETER,C07D251/18;;A01N43/68;;C07D407/12,FIRMS
WO 2005/014595 A1,2005,BAYER CROPSCIENCE GMBH;;KOEHN ARNIM;;GIENCKE WOLFGANG;;HELMKE HENDRIK;;GARCIA MARQUES KENNETH;;AULER THOMAS;;HILLS MARTIN;;HAJOS GYOERGY;;RIEDL ZSUZSANNA;;FEUCHT DIETER,C07D487/04,FIRMS
US 2007/0238617 A1,2007,BAYER CROPSCIENCE GMBH,A01N43/66;;C07D251/18,FIRMS
WO 2004/069814 A1,2004,BAYER CROPSCIENCE GMBH;;AHRENS HARTMUT;;DIETRICH HANSJOERG;;MINN KLEMENS;;AULER THOMAS;;BIERINGER HERMANN;;HILLS MARTIN;;KEHNE HEINZ;;MENNE HUBERT,A01N43/68;;C07C13/465;;C07C13/48;;C07D251/18;;C07D311/68;;C07D401/12;;C07D405/12,FIRMS
US 2019/0325387 A1,2019,INDIGO AG INC,G06Q10/08;;G06Q30/02,FIRMS
US 2019/0325492 A1,2019,INDIGO AG INC,G06Q30/02;;G06F9/451,FIRMS
US 2019/0325466 A1,2019,INDIGO AG INC,G06Q30/02;;G06K9/00;;G06N20/00;;G06Q30/06;;G06Q50/02,FIRMS
US 2019/0325390 A1,2019,INDIGO AG INC,G06Q10/08;;G01W1/10;;G05D1/02;;G08G1/0968,FIRMS
US 2019/0325534 A1,2019,INDIGO AG INC,G06Q50/02;;G06Q10/06;;G06Q10/08;;G06Q30/02,FIRMS
US 2019/0333163 A1,2019,INDIGO AG INC,G06Q50/02;;G06N20/00;;G06Q40/04,FIRMS
US 2019/0325467 A1,2019,INDIGO AG INC,G06Q30/02;;G06K9/00;;G06Q30/06,FIRMS
AU 2007/236251 A1,2007,BAYER CROPSCIENCE GMBH,C07D251/18;;A01N43/68;;C07D407/12,FIRMS
US 2007/0042909 A1,2007,KOHN ARNIM;;GIENCKE WOLFGANG;;HELMKE HENDRIK;;MARQUES KENNETH G;;AULER THOMAS;;HILLS MARTIN;;HAJOS GYORGY,A01N43/46;;C07D487/04;;C07D487/14,Inventors as applicant
US 2014/0100108 A1,2014,WILLMS LOTHAR;;SCHMITT MONIKA H;;FRENZEL THOMAS;;HAAF KLAUS BERNHARD;;HAEUSER-HAHN ISOLDE;;HEINEMANN INES;;GATZWEILER ELMAR;;ROSINGER CHRISTOPHER HUGH;;DITTGEN JAN;;FEUCHT DIETER;;HILLS JEFFREY MARTIN;;RINOLFI PHILIPPE;;KEHNE HEINZ;;BAYER IP GMBH,A01N43/80;;A01N43/82,FIRMS
AU 2009/251129 A1,2010,BAYER CROPSCIENCE GMBH,C07D251/18;;A01N43/68;;C07D251/48;;C07D401/12;;C07D403/12;;C07D405/12;;C07D409/12;;C07D413/12;;C07D417/12;;C07D471/04;;C07D495/04,FIRMS
AU 2003/212235 A1,2003,BAYER CROPSCIENCE GMBH,C07D251/18;;A01N43/68;;C07D251/48;;C07D401/12;;C07D403/12;;C07D405/12;;C07D409/12;;C07D413/12;;C07D417/12;;C07D471/04;;C07D495/04,FIRMS
AU 2013/322855 A1,2015,BAYER CROPSCIENCE GMBH,C07D261/04;;A01N43/80;;C07D413/12,FIRMS
US 2004/0002424 A1,2004,MINN KLEMENS;;AHRENS HARTMUT;;DIETRICH HANSJORG;;WILLMS LOTHAR;;AULER THOMAS;;BIERINGER HERMANN;;MENNE HUBERT,C07D251/18;;A01N43/68;;C07D251/48;;C07D401/12;;C07D403/12;;C07D405/12;;C07D409/12;;C07D413/12;;C07D417/12;;C07D471/04;;C07D495/04,Inventors as applicant
US 2015/0223461 A1,2015,BAYER CROPSCIENCE GMBH,A01N43/80;;C07D413/04,FIRMS
US 2015/0245616 A1,2015,BAYER CROPSCIENCE GMBH,A01N43/80;;C07D261/04,FIRMS
US 2004/0157739 A1,2004,AHRENS HARTMUT;;DIETRICH HANSJORG;;MINN KLEMENS;;AULER THOMAS;;BIERINGER HERMANN;;HILLS MARTIN;;KEHNE HEINZ;;MENNE HUBERT,A01N43/68;;C07C13/465;;C07C13/48;;C07D251/18;;C07D311/68;;C07D401/12;;C07D405/12,Inventors as applicant
US 2012/0101287 A1,2012,AHRENS HARTMUT;;DIETRICH HANSJOEERG;;MINN KLEMENS;;AULER THOMAS;;BIERINGER HERMANN;;HILLS MARTIN;;KEHNE HEINZ;;MENNE HUBERT;;BAYER CROPSCIENCE AG,C07D311/58;;A01N43/68;;C07C13/465;;C07C13/48;;C07C211/42;;C07C233/11;;C07C233/14;;C07C235/14;;C07C279/26;;C07D251/18;;C07D311/68;;C07D401/12;;C07D405/12,FIRMS
US 2014/0011853 A1,2014,LIU NINGSHU;;THEDE KAI;;MOENNING URSULA;;SCHOLZ ARNE;;HILGER CHRISTOPH-STEPHAN;;BOEMER ULF;;FISCHER REINER;;BAYER IP GMBH,A61K31/403;;A61K45/06;;C07D209/54,FIRMS
US 2014/0045696 A1,2014,BRETSCHNEIDER THOMAS;;FISCHER REINER;;LEHR STEFAN;;GATZWEILER ELMAR;;GORGENS ULRICH;;HAEUSER-HAHN ISOLDE;;HEINEMANN INES;;VOERSTE ARND;;BAYER IP GMBH,A01N43/38;;A01N43/12,FIRMS
AU 2004/208875 A1,2004,BAYER CROPSCIENCE GMBH,A01N43/68;;C07C13/465;;C07C13/48;;C07D251/18;;C07D311/68;;C07D401/12;;C07D405/12,FIRMS
AU 2011/201831 A1,2011,BAYER CROPSCIENCE GMBH,C07D251/18;;A01N43/68;;C07C13/465;;C07C13/48;;C07D311/68;;C07D401/12;;C07D405/12,FIRMS
US 2020/0053020 A1,2020,ADVANCED ELEMENTAL TECHNOLOGIES,H04L12/911;;G06F40/00;;H04L29/06,FIRMS
AU 2012/234393 A1,2013,BAYER IP GMBH,C07D261/04;;A01N43/80;;C07D413/12;;C07D417/12,FIRMS
WO 2014/152069 A2,2014,ADVANCED ELEMENTAL TECHNOLOGIES,G06F40/00,FIRMS
US 2016/0034305 A1,2016,ADVANCED ELEMENTAL TECHNOLOGIES,G06F9/50;;G06F17/30,FIRMS
US 2014/0282586 A1,2014,ADVANCED ELEMENTAL TECHNOLOGIES,G06F9/50;;G06F40/00,FIRMS
US 2014/0280952 A1,2014,ADVANCED ELEMENTAL TECHNOLOGIES,H04L12/911;;G06F40/00,FIRMS
US 2016/0266939 A1,2016,ADVANCED ELEMENTAL TECHNOLOGIES,G06F9/50;;G06F40/00,FIRMS
US 2018/0329744 A1,2018,ADVANCED ELEMENTAL TECHNOLOGIES,G06F9/50;;G06F17/30;;G06F40/00;;H04L12/911,FIRMS
US 2018/0367467 A1,2018,ADVANCED ELEMENTAL TECHNOLOGIES,H04L12/911;;G06F40/00,FIRMS
US 2018/0367466 A1,2018,ADVANCED ELEMENTAL TECHNOLOGIES,H04L12/911;;G06F40/00,FIRMS
US 2020/0050483 A1,2020,ADVANCED ELEMENTAL TECHNOLOGIES,G06F9/50;;G06F16/245;;G06F16/2457;;G06F16/248;;G06F16/28;;G06F40/00;;G06Q10/06;;H04L12/911,FIRMS
AU 2014/236646 A1,2015,ADVANCED ELEMENTAL TECHNOLOGIES,G06F7/00;;G06F40/00,FIRMS
AU 2017/248433 A1,2017,ADVANCED ELEMENTAL TECHNOLOGIES,G06F7/00;;G06F40/00,FIRMS
US 2018/0158207 A1,2018,UNIV BORDEAUX;;INST POLYTECHNIQUE BORDEAUX;;CENTRE NAT RECH SCIENT;;ECOLE NAT SUPERIEURE DES SCIENCES AGRONOMIQUES DE BORDEAUX BORDEAUX SCIENCES AGRO,G06T7/62;;A01G17/02;;G06F17/18;;G06K9/00,FIRMS
WO 2016/193602 A1,2016,UNIVERSITÉ DE BORDEAUX;;INST POLYTECHNIQUE BORDEAUX;;CENTRE NAT DE LA RECH SCIENT - CNRS -;;ÉCOLE NAT SUPÉRIEURE DES SCIENCES AGRONOMIQUES DE BORDEAUX (BORDEAUX SCIENCES AGRO),G06K9/00;;A01G7/00;;G06T7/60,FIRMS
WO 2017/030903 A1,2017,UNIV CALIFORNIA,A01G25/02;;A01G25/16;;B25J5/00;;B25J9/16,UNIVERSITY
FR 3036830 A1,2016,UNIV BORDEAUX;;INST POLYTECHNIQUE BORDEAUX;;CENTRE NAT DE LA RECH SCIENT - CNRS -;;ECOLE NAT SUPERIEURE DES SCIENCES AGRONOMIQUES DE BORDEAUX (BORDEAUX SCIENCES AGRO),G06T7/60;;A01G17/02,FIRMS
US 2019/0008103 A1,2019,UNIV CALIFORNIA,A01G25/16;;A01G25/02;;B25J5/00;;B25J11/00;;F16K47/04;;G01C21/00;;G05B19/10;;G05D1/02;;G06K7/10,UNIVERSITY
US 2020/0022316 A1,2020,GROW SOLUTIONS TECH LLC,A01G9/02;;A01G9/029;;A01G9/08;;A01G27/00;;A01G31/06,FIRMS
WO 2020/018800 A1,2020,GROW SOLUTIONS TECH LLC,A01G9/24;;A01G31/04,FIRMS
US 2012/0016175 A1,2012,ROBERTS WALTER A;;GIBBS MASON;;CENDER THOMAS;;SCHUMM III BROOKE,A61N5/00,Inventors as applicant
US 2016/0184605 A1,2016,ROBERTS WALTER A;;BROOKE SCHUMM III,A61N5/10,FIRMS
WO 2016/004026 A1,2016,UNIV CARNEGIE MELLON,G06K9/00,FIRMS
WO 2018/148464 A1,2018,SCHUMM BROOKE;;ROBERTS WALTER A,A61B34/35;;A61B18/18;;A61B34/00;;A61B34/10;;A61N5/10,Inventors as applicant
US 2007/0163516 A1,2007,D ANDREA PAUL,A01K37/00,Inventors as applicant
WO 2017/044484 A1,2017,AMERICAN SCIENCE & ENG INC,G01N23/20;;G01N9/02;;G01N33/02,FIRMS
US 2018/0160672 A1,2018,CRINKLAW FARM SERVICES INC,A01M7/00;;B05B7/24;;B05B12/12;;G05D1/00;;G05D1/02,FIRMS
WO 2018/044376 A1,2018,CRINKLAW FARM SERVICES INC,A01B69/00;;A01B69/04;;A01B79/00;;A01C7/00;;A01C7/08;;A01C11/00,FIRMS
US 2017/0325443 A1,2017,CRINKLAW FARM SERVICES INC,A01M7/00;;B05B12/12;;G05D1/00;;G05D1/02,FIRMS
US 2017/0325444 A1,2017,CRINKLAW FARM SERVICES INC,A01M7/00;;B05B7/24;;B05B12/12;;G05D1/00;;G05D1/02,FIRMS
WO 2019/198072 A1,2019,MANNA IRRIGATION LTD,A01G25/16,FIRMS
US 2019/0090472 A1,2019,CRINKLAW FARM SERVICES INC,A01M7/00;;A01B69/04;;A01B79/00;;B05B7/32;;B05B13/00;;G05D1/02,FIRMS
US 2017/0372137 A1,2017,UNIV PENNSYLVANIA,G06K9/00;;G06T17/05;;H04N5/33;;H04N7/18;;H04N13/02,FIRMS
AU 2017/320593 A1,2019,CRINKLAW FARM SERVICES INC,A01B69/00;;A01B69/04;;A01B79/00;;A01C7/00;;A01C7/08;;A01C11/00,FIRMS
WO 2016/123201 A1,2016,UNIV PENNSYLVANIA,G06K9/00,FIRMS
WO 2019/215581 A1,2019,WEEDOUT LTD,A01H1/04;;A01H1/02;;A01H1/06;;A01H5/00;;A01N25/00;;C12N15/82,FIRMS
US 2020/0033274 A1,2020,AMERICAN SCIENCE & ENG INC,G01N23/203;;B25J9/16;;G01N33/00,FIRMS
WO 2020/012259 A1,2020,ADROIT ROBOTICS,A01B79/00;;G01N21/00;;G06K9/00;;G06Q50/02,FIRMS
US 2005/0187677 A1,2005,KLINE & WALKER LLC,B64C13/20;;B64D45/00;;G07C5/00,FIRMS
US 2020/0019777 A1,2020,ADROIT ROBOTICS,G06K9/00;;G06T7/00;;G06T7/90;;G06T17/05,FIRMS
US 2020/0049635 A1,2020,AMERICAN SCIENCE & ENG INC,G01N23/203;;B25J9/16;;G01N33/00,FIRMS
WO 2003/029922 A2,2003,KLINE & WALKER LLC;;WALKER RICHARD C,B64C13/20;;B64D45/00;;G07C5/00,FIRMS
US 2003/0093187 A1,2003,KLINE & WALKER LLC,B64C13/20;;B64D45/00;;G07C5/00,FIRMS
US 2015/0100358 A1,2015,KLAVINS MARIS,G06Q10/06;;G06Q50/02,Inventors as applicant
US 2002/0122742 A1,2002,WAJSFELNER RENE;;DEPOIZIER JACQUES;;LONGUEMARD JEAN-PAUL,B08B7/00;;B08B9/08;;B27H5/00;;B27M1/06,Inventors as applicant
WO 2006/081290 A2,2006,APPLIED MATERIALS INC;;LUBOMIRSKY DMITRY;;SHANMUGASUNDRAM ARULKUMAR;;ELLWANGER RUSSELL;;PANCHAM IAN A;;CHEBOLI RAMAKRISHNA;;WEIDMAN TIMOTHY W,C23C18/16;;B05D3/10;;C23F1/00;;H01L21/00;;H01L21/306;;H01L21/687,FIRMS
WO 2005/073430 A2,2005,APPLIED MATERIALS INC;;LUBOMIRSKY DMITRY;;SHANMUGASUNDRAM ARULKUMAR;;ELLWANGER RUSSELL;;PANCHAM IAN A;;CHEBOLI RAMAKRISHNA;;WEIDMAN TIMOTHY W,C23C18/16;;H01L21/00;;H01L21/288;;H01L21/687,FIRMS
WO 2004/057060 A2,2004,APPLIED MATERIALS INC,C25D7/12;;H01L21/00;;H01L21/288;;H01L21/768,FIRMS
AU 2016/321171 A1,2018,AMERICAN SCIENCE AND ENGINEERING INC,G01N23/20;;G01N9/02;;G01N33/02,FIRMS
US 2018/0064935 A1,2018,CAL X STARS BUSINESS ACCELERATOR INC,A61N1/32;;A61N1/372;;A61N1/375,FIRMS
WO 2019/215582 A1,2019,WEEDOUT LTD,A01M7/00;;A01B79/00;;A01M21/04;;B64D1/18;;G06K9/62;;G06N20/00;;G06T7/00,FIRMS
WO 2010/054076 A2,2010,APPLIED MATERIALS INC;;SORABJI KHURSHED;;RANISH JOSEPH M;;ADERHOLD WOLFGANG;;HUNTER AARON M;;KOELMEL BLAKE R;;LERNER ALEXANDER N;;MERRY NIR,H01L21/324;;H01L21/68;;H01L21/683;;H01L21/687,FIRMS
US 2006/0206246 A1,2006,WALKER RICHARD C,G06G7/70,Inventors as applicant
US 2014/0192193 A1,2014,ZUFFEREY JEAN-CHRISTOPHE;;BEYELER ANTOINE;;SENSEFLY S A,H04N7/18;;B64D47/08,FIRMS
WO 2018/231558 A1,2018,GROW SOLUTIONS TECH LLC,A01G31/04;;A01G9/24;;B65G43/02,FIRMS
US 2013/0213524 A1,2013,WATERMAN BRECK;;DIVERSE BARREL SOLUTIONS PTY LTD,B27H5/00;;B23C1/20,FIRMS
AU 2018/282627 A1,2019,GROW SOLUTIONS TECH LLC,A01G31/04;;A01G9/24;;B65G43/02,FIRMS
WO 2019/197011 A1,2019,VITIROVER,A01D34/00;;A01D34/82;;A01D75/18,FIRMS
AU 2011/241467 A1,2012,DIVERSE BARREL SOLUTIONS PTY LTD,B27H5/00;;B27H5/08,FIRMS
WO 2018/136875 A1,2018,UNIV ILLINOIS,G06K9/46;;G05D1/02;;G06K9/62,UNIVERSITY
US 2019/0384283 A1,2019,UNIV ILLINOIS,G05D1/00;;G06F16/29;;G06K9/00;;G06K9/62;;G08G5/00,UNIVERSITY
WO 2011/127525 A1,2011,DIVERSE BARREL SOLUTIONS PTY LTD;;WATERMAN BRECK,B27H5/00;;B27H5/08,FIRMS
AU 2018/210985 A1,2019,UNIV ILLINOIS,G06K9/46;;G05D1/02;;G06K9/62,UNIVERSITY
US 2013/0185104 A1,2013,KLAVINS MARIS,G06Q50/02,Inventors as applicant
WO 2018/107242 A1,2018,COMMW SCIENT IND RES ORG,G01C3/08,FIRMS
US 2014/0168412 A1,2014,SHULMAN ALAN;;SCOTT MILES,H04N7/18,Inventors as applicant
AU 2017/377676 A1,2019,COMMW SCIENT IND RES ORG,G01C3/08,FIRMS
AU 2017 377676 A9 20190711,2019,COMMW SCIENT IND RES ORG,G01C3/08,FIRMS
AU 2017/366641 A1,2019,ZASSO GMBH,A01M21/04,FIRMS
US 2012/0269925 A1,2012,FAROTTO CARLO,C12G1/022,Inventors as applicant
WO 2014/100502 A1,2014,SHULMAN ALAN,G06Q50/02;;G06K9/78,FIRMS
US 2018/0373937 A1,2018,SHULMAN ALAN,G06K9/00;;H04N7/18,Inventors as applicant
WO 2018/080744 A1,2018,APPLIED MATERIALS INC,H01L21/677;;H01L21/67,FIRMS
WO 2015/073185 A1,2015,APPLIED MATERIALS INC,H01L21/324;;H01L21/02,FIRMS
US 2018/0129894 A1,2018,UNIV CARNEGIE MELLON,G06K9/20;;G06K9/46;;G06T7/11;;G06T7/62,FIRMS
WO 2011/058585 A1,2011,FAROTTO CARLO,C12G1/00;;G05B13/02;;G05D27/02,Inventors as applicant
WO 2019/118397 A1,2019,APPLIED MATERIALS INC,B65G49/06,FIRMS
WO 2020/023745 A1,2020,BEAR FLAG ROBOTICS INC,A01B69/04;;A01B69/00;;A01B79/00,FIRMS
US 2017/0045488 A1,2017,RIESS MARK JAMES;;INGRAM BRENNAN ALLAN;;BORGMAN KRISTOPHER JAMES;;MELANSON ROBERT GABRIEL;;CHAPMAN JENNIFER ANN;;ROZUMNY JR IVAN,G01N33/24;;A01C21/00;;A01G1/00;;A01G25/16,Inventors as applicant
US 2020/0029488 A1,2020,BEAR FLAG ROBOTICS INC,A01B79/00;;G05D1/00;;G05D1/02;;G06F16/29;;G06K9/00;;G06K9/62;;G06T7/70,FIRMS
US 2020/0029490 A1,2020,BEAR FLAG ROBOTICS INC,A01B79/00;;G05D1/00;;G05D1/02;;G06F16/29;;G06K9/00;;G06K9/62;;G06T7/70,FIRMS
US 2020/0029489 A1,2020,BEAR FLAG ROBOTICS INC,A01B79/00;;G05D1/00;;G05D1/02;;G06F16/29;;G06K9/00;;G06K9/62;;G06T7/70,FIRMS
WO 2020/023409 A1,2020,APPLIED MATERIALS INC,H01L21/67;;H01L21/683,FIRMS
WO 2014/022692 A1,2014,WHITEHEAD BIOMEDICAL INST,C12N1/16;;C07K2/00;;C12N15/67,FIRMS
WO 2010/129907 A2,2010,SCIENT SYSTEMS COMPANY INC;;BYRNE JEFFREY;;MEHRA RAMAN K,G06T7/20,FIRMS
US 2010/0305857 A1,2010,BYRNE JEFFREY;;MEHRA RAMAN K,G08G1/16;;G06K9/00,Inventors as applicant
US 2019/0389577 A1,2019,GREENSIGHT AGRONOMICS INC,B64C39/02;;B64D1/18;;G05D1/00;;G05D1/10,FIRMS
US 2016/0157414 A1,2016,DEERE & CO,A01B69/04;;G01S19/01;;G05D1/00;;G05D1/02,FIRMS
US 2019/0082582 A1,2019,DEERE & CO,A01B69/04;;G01S5/16;;G01S19/14;;G01S19/48;;G05D1/02,FIRMS
WO 2008/016647 A2,2008,APPLIED MATERIALS INC;;ADERHOLD WOLFGANG;;HEGEDUS ANDREAS;;MERRY NIR,G01J5/00,FIRMS
US 2014/0166769 A1,2014,DOW AGROSCIENCES LLC,A01M7/00,FIRMS
WO 2013/119975 A1,2013,APPLIED MATERIALS INC;;LI JIPING;;KOELMEL BLAKE;;HUNTER AARON MUIR;;ADERHOLD WOLFGANG R,H01L21/205;;H01L21/324,FIRMS
US 2014/0076167 A1,2014,BOGGAVARAPU DEEPAK,A47J31/42,Inventors as applicant
US 2016/0150908 A1,2016,SEVA COFFEE CORP,A47J31/42;;A23N12/08;;A47J31/40,FIRMS
US 2017/0049264 A1,2017,SEVA COFFEE CORP,A47J31/42;;A23N12/08;;A47J31/40,FIRMS
WO 2003/053122 A1,2003,MARCONI COMM GMBH;;KONRATH WILLIBALD;;GREINER HELMUT;;SCHOLL KLAUS;;HORZER WERNER,H05K13/00;;H05K13/04,FIRMS
WO 2014/116375 A1,2014,DOW AGROSCIENCES LLC,B05B9/04,FIRMS
WO 2017/145172 A1,2017,SIGTUPLE TECH PRIVATE LTD,G06K9/00;;G06F17/00,FIRMS
WO 2010/006156 A2,2010,APPLIED MATERIALS INC;;SORABJI KHURSHED;;RANISH JOSEPH M;;ADERHOLD WOLFGANG;;HUNTER AARON M;;LERNER ALEXANDER N,H01L21/324,FIRMS
US 2017/0360242 A1,2017,SEVA COFFEE CORP,A47J31/42;;A23N12/08;;A47J31/40,FIRMS
US 2019/0150658 A1,2019,SEVA COFFEE CORP,A47J31/42;;A23N12/08;;A23N12/12;;A47J31/40;;A47J31/44;;A47J42/52,FIRMS
AU 2013/375197 A1,2015,DOW AGROSCIENCES LLC,B05B9/04,FIRMS
WO 2011/063091 A2,2011,APPLIED MATERIALS INC;;ADERHOLD WOLFGANG;;RANISH JOSEPH M;;KOELMEL BLAKE R,H01L21/324;;H01L21/683,FIRMS
WO 2007/106332 A2,2007,APPLIED MATERIALS INC;;ADERHOLD WOLFGANG;;TROWBRIDGE TERESA,B32B3/02;;C23C16/00,FIRMS
US 2009/0263798 A1,2009,GENERATION BIOTECH LLC;;UNIV RUTGERS;;UNIV PRINCETON,C12Q1/68,FIRMS
WO 2007/133740 A1,2007,GENERATION BIOTECH LLC;;UNIV RUTGERS;;UNIV PRINCETON;;DAPPRICH JOHANNES;;GABRIEL ABRAM;;DUNHAM MAITREYA,C12Q1/68,FIRMS
US 2016/0256097 A1,2016,SCANIT TECH INC,A61B5/00;;G01N1/22;;G01N15/06,FIRMS
WO 2018/185747 A1,2018,BIOFEED ENV FRIENDLY PEST CONTROL LTD,B65D83/00;;A01G25/00,FIRMS
US 2018/0000108 A1,2018,SEVA COFFEE CORP,A23F5/26;;A47J31/36;;A47J31/42;;A47J31/44,FIRMS
AU 2017/360842 A1,2019,FRUITSPEC LTD,G01N21/00;;G01N21/25;;G01N33/02,FIRMS
US 2014/0304654 A1,2014,JOHN NICHOLAS AND KRISTIN GROSS TRUST U A D APRIL 13 2010;;GROSS JOHN NICHOLAS,G06F3/0482;;G06F3/0484,FIRMS
US 2011/0030275 A1,2011,COMMISSARIA A L EN ATOMIQUE,A01G9/02,FIRMS
WO 2008/068496 A1,2008,BROWN MICHAEL EDWARD,A01G25/16,FIRMS
WO 2007/114987 A2,2007,APPLIED MATERIALS INC;;RANISH JOSEPH MICHAEL;;DIXIT TARPAN;;JENNINGS DEAN;;RAMACHANDRAN BALASUBRAMANIAN;;HUNTER AARON;;ADERHOLD WOLFGANG;;ADAMS BRUCE;;CHANG WEN TEH,H04B7/185,Inventors as applicant
US 2005/0158798 A1,2005,SHER JAIMES,C12C12/00;;C12G1/00;;C12G3/04;;C12P7/06;;G01N33/53,FIRMS
WO 2018/092135 A1,2018,FRUITSPEC LTD,G01N21/00;;G01N21/25;;G01N33/02,Inventors as applicant
US 2019/0295423 A1,2019,D2 LLC,G08G5/00;;B64C39/02,FIRMS
US 2016/0046952 A1,2016,WISCONSIN ALUMNI RES FOUND,C12N15/80;;C12Q1/04,FIRMS
US 2018/0155732 A1,2018,WISCONSIN ALUMNI RES FOUND,C12N15/80;;C12Q1/04,FIRMS
AU 2018/248978 A1,2019,BIOFEED ENV FRIENDLY PEST CONTROL LTD,B65D83/00;;A01G25/00,FIRMS
WO 2001/059447 A1,2001,UNIV YALE;;KLEMIC KATHRYN C;;KLEMIC JAMES F;;REED MARK A;;SIGWORTH FREDERICK J,C12M1/34;;C12M3/00;;G01N33/487,FIRMS
WO 2014/043652 A1,2014,BOGGAVARAPU DEEPAK,A23F5/02;;A23F5/40;;A23N12/08,FIRMS
US 2014/0242239 A1,2014,BOGGAVARAPU DEEPAK,A23F5/26,Inventors as applicant
US 2016/0174590 A1,2016,BOGGAVARAPU DEEPAK,A23F5/26,Inventors as applicant
US 2017/0266371 A1,2017,CALXSTARS BUSINESS ACCELERATOR INC,A61M5/142;;A61M39/02;;A61N1/32;;A61N1/372,Inventors as applicant
US 2015/0143806 A1,2015,FRIESTH KEVIN LEE,F02G5/02,FIRMS
US 2018/0347406 A1,2018,FRIESTH KEVIN LEE,F01K3/00,Inventors as applicant
AU 2007/330627 A1,2008,BROWN MICHAEL,A01G25/16,Inventors as applicant
US 2009/0081721 A1,2009,UNIV CALIFORNIA,C12Q1/04;;G06F17/00,FIRMS
WO 2018/156069 A1,2018,KATAM TECH AB,G06T17/05;;G01C11/06;;G01S17/42;;G06T7/80,UNIVERSITY
US 2013/0310080 A1,2013,PALANKI RAVI;;DAS SAUMITRA MOHAN;;CHAO HUI;;QUALCOMM INC,H04W4/02,FIRMS
WO 2013/173361 A1,2013,QUALCOMM INC,G01S5/02,FIRMS
WO 2004/046652 A2,2004,UNIV UTAH;;FURSE CYNTHIA;;MAHONEY JOHN;;CHUNG YOU CHUNG;;LO CHET;;AMARNATH NIRMAL NATH;;FARHANG-BOROUJENY BEHROUZ,G01J1/04;;G01J1/42;;G01J5/08;;G01R31/02;;G01R31/11;;G01R31/302;;H01T13/60;;H03H7/30;;H03H7/40;;H03H11/12;;H03K5/159;;H04W24/00,FIRMS
US 2015/0106141 A1,2015,KLAVINS MARIS,G06Q10/06;;A01M17/00;;G06Q50/02,FIRMS
US 2015/0106280 A1,2015,KLAVINS MARIS,G06Q30/00;;G06Q50/02,Inventors as applicant
US 2015/0106281 A1,2015,KLAVINS MARIS,G06Q30/00,Inventors as applicant
US 2018/0315056 A1,2018,BAYER CROPSCIENCE GMBH,G06Q30/00;;A01M17/00;;G06Q10/06;;G06Q50/02,Inventors as applicant
US 2019/0180289 A1,2019,BASF CORP,G06Q30/00;;A01M17/00;;G06Q10/06;;G06Q50/02,FIRMS
WO 2019/106667 A1,2019,WEEDOUT LTD,A01H1/02;;A01H1/04;;A01H1/06;;C12N15/82,FIRMS
WO 2012/074490 A1,2012,AGENCY SCIENCE TECH & RES;;KREISBERG JASON;;TAN PATRICK,A01N41/02;;A61K31/18;;A61P31/00,FIRMS
WO 2019/106666 A1,2019,WEEDOUT LTD,A01H1/02;;A01H1/04;;A01H1/06;;C12N15/82,FIRMS
AU 2015/203118 A1,2015,FRIESTH KEVIN,F02G5/02;;F01K13/00,FIRMS
AU 2017/204250 A1,2017,FRIESTH KEVIN,F02G5/02;;F01K13/00,FIRMS
WO 2012/047834 A1,2012,BAYER CROPSCIENCE LP;;KLAVINS MARIS,G06F19/00,FIRMS
US 2019/0023398 A1,2019,OLFACTOR LABORATORIES INC,B64D1/12;;A01M21/04;;A01M25/00;;A01M99/00;;B64C39/02,FIRMS
WO 2019/106668 A1,2019,WEEDOUT LTD,A01H1/06;;A01H1/02;;A01H1/04;;C12N15/82,FIRMS
WO 2017/203519 A1,2017,WEEDOUT LTD,A01H1/04;;A01H1/06;;A01H5/00;;C12N15/82,FIRMS
US 2019/0208790 A1,2019,WEEDOUT LTD,A01N65/08;;A01H1/02;;A01H1/06;;C12N15/82,FIRMS
WO 2002/102768 A2,2002,UNIV ROCKEFELLER,C12N15/09;;A61K45/00;;A61P25/04;;A61P25/08;;A61P25/14;;A61P25/16;;A61P25/18;;A61P25/20;;A61P25/24;;A61P25/28;;A61P25/30;;A61P25/36;;A61P29/00;;A61P35/00;;A61P43/00;;C12N9/12;;C12Q1/02;;C12Q1/48,FIRMS
WO 2017/027836 A1,2017,OLFACTOR LABORATORIES INC,A01M13/00;;A01M29/12;;A01N25/34,FIRMS
WO 2003/106635 A2,2003,REGULOME CORP;;STAMATOYANNOPOULOS JOHN A;;MCARTHUR MICHAEL;;SABO PETER J,C12Q1/68,FIRMS
WO 2004/005458 A2,2004,REGULOME CORP;;STAMATOYANNOPOULOS JOHN A;;MCARTHUR MICHAEL;;SABO PETER J,C12Q1/68,FIRMS
WO 2004/034969 A2,2004,REGULOME CORP;;STAMATOYANNOLOULOS JOHN A;;MCARTHUR MICHAEL;;SABO PETER J,C12Q1/68,FIRMS
WO 2019/162192 A1,2019,OSRAM GMBH,A01G7/04;;A01G9/029;;A01G31/02,FIRMS
US 2019/0259108 A1,2019,OSRAM GMBH,G06Q50/02;;A01B79/00;;A01C21/00,FIRMS
US 2004/0253606 A1,2004,PROTEIN DESIGN LABS INC,C07H21/04;;C12P19/34;;C12Q1/68,FIRMS
AU 2017/271409 A1,2019,WEEDOUT LTD,A01H1/04;;A01H1/06;;A01H5/00;;C12N15/82,FIRMS
AU 2003/245488 A8,2010,REGULOME CORP,C12Q1/68;;A01K67/00;;C07H21/04;;C12N1/20;;C12N15/00,FIRMS
AU 2003/298556 A8,2010,REGULOME CORP,C12Q1/68,FIRMS
WO 2007/053648 A2,2007,UNIV MICHIGAN;;CLARKE MICHAEL F;;HOEY TIM;;WANG XINHAO;;DYLLA SCOTT;;GURNEY AUSTIN;;DALERBA PIERRO;;CHEN GRACE;;PRINCE MARK,C12N5/095,FIRMS
WO 2016/054225 A1,2016,STC UNM;;SANDIA CORP,A61K31/7088;;A61K9/51;;A61K47/04;;A61P31/04;;A61P31/12;;A61P35/00;;B82Y5/00,FIRMS
AU 2006/308847 A1,2007,UNIV MICHIGAN,C12N5/02;;C12N5/095;;G06K9/00,FIRMS
WO 2004/048938 A2,2004,PROTEIN DESIGN LABS INC;;AZIZ NATASHA;;GINSBURG WENDY M;;ZLOTNIK ALBERT,C07H21/04;;C12P19/34;;C12Q1/68,UNIVERSITY
WO 2013/003352 A1,2013,JANSSEN PHARMACEUTICA NV;;LEONARD KRISTI A;;ALEXANDER RICHARD SCOTT;;BARBAY JOSEPH KENT;;BONE ROGER F;;DECKMAN INGRID CHRISTA;;JACKSON PAUL F;;KUO LAWRENCE C;;LEWANDOWSKI FRANK A;;MAGUIRE DIANE M;;MILLIGAN CYNTHIA M;;RHODES KENNETH J;;SCANNEVIN ROBERT H;;SCHALK-HIHI CELINE;;SPRINGER BARRY;;SPURLINO JOHN C;;TODD MATTHEW J;;TOUNGE BRETT A;;WANG AIHUA,G06F19/16;;C12N9/64,FIRMS
WO 2013/003360 A1,2013,JANSSEN PHARMACEUTICA NV;;LEONARD KRISTI A;;ALEXANDER RICHARD SCOTT;;BONE ROGER F;;CRYSLER CARL;;DECKMAN INGRID CHRISTA;;JACKSON PAUL F;;KUO LAWRENCE C;;LEWANDOWSKI FRANK A;;MAGUIRE DIANE M;;MANTHEY CARL;;MILLIGAN CYNTHIA M;;BARBAY JOSEPH KENT;;SCHALK-HIHI CELINE;;SPRINGER BARRY;;SPURLINO JOHN C;;TODD MATTHEW J;;RHODES KENNETH J;;TOUNGE BRETT A;;WANG AIHUA,A61K31/428,FIRMS
WO 2013/003358 A2,2013,JANSSEN PHARMACEUTICA NV;;LEONARD KRISTI A;;ALEXANDER RICHARD SCOTT;;BARBAY JOSEPH KENT;;BONE ROGER F;;DECKMAN INGRID CHRISTA;;JACKSON PAUL F;;KUO LAWRENCE C;;LEWANDOWSKI FRANK A;;MAGUIRE DIANE M;;MILLIGAN CYNTHIA M;;RHODES KENNETH J;;SCANNEVIN ROBERT H;;SCHALK-HIHI CELINE;;SPRINGER BARRY;;SPURLINO JOHN C;;TODD MATTHEW J;;TOUNGE BRETT A;;WANG AIHUA,G06F19/00,FIRMS
